marker_species	RAI-no	STI-negative	Oral-no	#partners-03	condom-always
Candidatus_Neoanaerotignum_tabaqchaliae.t__SGB59528	0	0	0	1	0
Roseburia_faecis.t__SGB4925	0	1	0	0	0
Clostridia_bacterium.t__SGB14099	1	0	0	0	0
Bacilli_unclassified_SGB6540.t__SGB6540	1	0	0	0	0
Oscillibacter_SGB15077.t__SGB15077	0	0	0	1	0
Clostridia_bacterium.t__SGB14863	0	0	0	0	1
Bacilli_unclassified_SGB6473.t__SGB6473	1	0	1	0	0
Sutterella_wadsworthensis.t__SGB9283	0	1	0	0	0
Clostridia_bacterium.t__SGB4365	0	0	0	1	0
Ruminococcus_lactaris.t__SGB4557	0	0	1	0	0
Lachnospira_pectinoschiza.t__SGB5075_group	0	0	0	1	1
Mycoplasmatales_bacterium.t__SGB5569	1	0	0	0	0
Clostridia_bacterium.t__SGB6077	0	0	1	0	0
Tyzzerella_nexilis.t__SGB4588_group	1	0	0	0	0
Ruminococcus_torques.t__SGB4563_group	0	0	0	0	0
Candidatus_Cibiobacter_qucibialis.t__SGB15286	0	0	0	0	1
Phocaeicola_massiliensis.t__SGB1812	0	0	1	0	0
Blautia_massiliensis.t__SGB4826_group	0	0	0	1	0
Phascolarctobacterium_faecium.t__SGB5792	0	0	1	0	0
Clostridia_bacterium.t__SGB14085	1	0	0	0	0
Ruminococcaceae_bacterium.t__SGB14906	0	0	1	0	0
Ruminococcaceae_bacterium.t__SGB4184	1	0	0	0	0
Ruminococcaceae_bacterium.t__SGB4174	1	0	0	0	0
Bacteroides_thetaiotaomicron.t__SGB1861	0	0	1	0	0
Clostridia_bacterium.t__SGB4133	1	0	0	1	0
Methanomassiliicoccales_archaeon.t__SGB376	0	0	0	1	0
Bacilli_unclassified_SGB6428.t__SGB6428	1	0	0	0	0
Campylobacter_gracilis.t__SGB19300	0	0	1	0	0
Bilophila_wadsworthia.t__SGB15452	0	0	1	0	0
Bacteroidales_unclassified_SGB2076.t__SGB2076	0	0	0	1	0
Mesosutterella_multiformis.t__SGB9272_group	1	0	1	0	0
GGB1249_SGB1670.t__SGB1670	0	0	0	0	0
Ruminococcaceae_unclassified_SGB4191.t__SGB4191	0	1	0	0	0
GGB3859_SGB5234.t__SGB5234_group	1	0	0	0	0
Alistipes_finegoldii.t__SGB2301	1	0	0	0	0
Lachnospiraceae_bacterium.t__SGB4877	0	0	1	0	0
GGB4585_SGB6340.t__SGB6340	0	1	0	0	0
Merdimonas_faecis.t__SGB4626	0	0	1	0	0
Clostridia_bacterium.t__SGB6308	1	0	0	0	0
Erysipelotrichaceae_bacterium.t__SGB4029	0	0	1	0	0
Candidatus_Avimicrobium_caecorum.t__SGB15350	1	0	1	0	0
GGB6612_SGB9346.t__SGB9346	0	1	0	0	0
Prevotella_copri_clade_B.t__SGB1613	0	0	0	0	0
Clostridia_unclassified_SGB14297.t__SGB14297	1	0	0	0	0
Sutterella_seckii.t__SGB9297_group	0	1	0	0	0
Prevotella_copri_clade_A.t__SGB1626	0	0	0	0	0
Candidatus_Gastranaerophilales_bacterium.t__SGB8608	1	0	0	0	0
Phascolarctobacterium_succinatutens.t__SGB5765_group	0	0	0	0	0
Bacilli_unclassified_SGB6571.t__SGB6571	1	0	0	0	0
Bifidobacterium_bifidum.t__SGB17256	0	0	1	0	0
Anaeromassilibacillus_sp_An250.t__SGB14894	0	0	1	0	0
Bifidobacterium_longum.t__SGB17248	1	0	0	0	0
Clostridia_unclassified_SGB20792.t__SGB20792	0	0	0	1	0
Clostridia_bacterium.t__SGB4146	0	0	0	1	0
Clostridium_disporicum.t__SGB6178	0	0	1	0	0
